model.family,model.size,model.device,model.task_type,model.format,model.quantization,status,error,performance.fps,performance.mean_ms,performance.p50_ms,performance.p95_ms,performance.p99_ms,performance.min_ms,performance.max_ms,cpu.cpu_power,cpu.cpu_utilization.unit,cpu.cpu_utilization.samples,cpu.cpu_utilization.mean,cpu.cpu_utilization.p50,cpu.cpu_utilization.p95,cpu.cpu_utilization.p99,cpu.cpu_utilization.min,cpu.cpu_utilization.max,cpu.cpu_temperature.unit,cpu.cpu_temperature.samples,cpu.cpu_temperature.mean,cpu.cpu_temperature.p50,cpu.cpu_temperature.p95,cpu.cpu_temperature.p99,cpu.cpu_temperature.min,cpu.cpu_temperature.max,gpu.vram_usage,gpu.gpu_power,gpu.gpu_utilization,gpu.gpu_temperature,quality,performance,cpu,gpu
yolov8,n,cpu,detect,pytorch,fp32,success,,1.623757653372268,615.855449809995,614.3694560000199,705.3149449999978,745.7279669999934,501.6291659999865,763.6485040000025,,percent,600,59.48433333333338,58.5,80.5,85.7,37.5,87.5,celsius,601,53.813311148086356,54.0,55.1,55.65,51.8,56.2,,,,,,,,
yolov8,n,cpu,detect,openvino,fp32,success,,3.6469616252873744,274.20085615000175,270.420635999983,301.41315100001975,308.027017000029,256.7872409999836,319.97385299996495,,percent,263,96.8444866920152,97.6,100.0,100.0,85.0,100.0,celsius,264,57.53333333333335,57.3,58.4,58.95,55.65,59.5,,,,,,,,
yolov8,n,cpu,detect,openvino,fp16,success,,4.607237005649325,217.04982808,210.39367800000264,248.11365499999738,260.58571500004746,200.75383699997928,261.96882599998617,,percent,210,97.31476190476195,97.6,100.0,100.0,90.0,100.0,celsius,211,59.34360189573455,59.5,60.05,60.6,57.3,61.15,,,,,,,,
yolov8,s,cpu,detect,pytorch,fp32,success,,0.6841475201773313,1461.6730610099992,1461.639292999962,1515.5087950000166,1539.7703109999838,1399.0873060000695,1540.5367939999906,,percent,1430,47.830769230769214,46.3,65.0,74.4,30.0,81.0,celsius,1430,55.889230769230366,55.65,56.75,57.3,52.9,57.85,,,,,,,,
yolov8,s,cpu,detect,openvino,fp32,success,,1.6038349303692105,623.5055622399964,622.01578600002,671.4986220000583,687.7913939999871,577.4518739999621,688.8789849999739,,percent,596,96.25285234899293,97.5,100.0,100.0,60.3,100.0,celsius,596,60.68213087248323,60.6,61.7,62.25,58.95,62.8,,,,,,,,
yolov8,s,cpu,detect,openvino,fp16,success,,1.6473852761364371,607.0225432300025,603.7028169999985,660.905443000047,679.0888719999657,561.8506570000363,681.496738000078,,percent,580,96.28862068965486,97.5,100.0,100.0,82.9,100.0,celsius,581,61.03829604130829,61.15,61.7,62.25,58.95,62.8,,,,,,,,
yolov10,n,cpu,detect,pytorch,fp32,success,,2.0101067176792626,497.48602459999455,495.51950200009287,531.5221079999901,542.2612730000083,479.170694000004,542.3975139999584,,percent,487,55.251745379876795,53.7,67.5,75.6,42.5,90.3,celsius,487,57.039117043121095,57.3,57.85,58.4,55.65,58.4,,,,,,,,
yolov10,n,cpu,detect,openvino,fp32,success,,4.62186406200443,216.36291906999875,210.5759929999067,229.91364900008193,232.00375699991582,206.87075799992272,235.91015800002424,,percent,211,96.75545023696685,97.5,100.0,100.0,56.4,100.0,celsius,211,59.67464454976297,59.5,60.6,61.15,57.85,61.7,,,,,,,,
yolov10,n,cpu,detect,openvino,fp16,success,,4.772171778841054,209.54819867000995,204.95924199997262,243.4266469999784,259.7565460000624,193.22405000002618,262.55246499999885,,percent,204,97.05000000000005,97.6,100.0,100.0,67.5,100.0,celsius,204,60.70514705882352,60.6,61.15,61.7,58.95,62.25,,,,,,,,
yolov10,s,cpu,detect,pytorch,fp32,success,,0.7253334653330402,1378.6762196899952,1374.8450510000794,1454.7818430000916,1489.0951339999674,1325.5682049999677,1515.488495999989,,percent,1344,53.1375744047619,52.5,68.3,75.0,35.0,83.3,celsius,1344,56.19468005952324,56.2,57.3,57.85,54.0,58.4,,,,,,,,
yolov10,s,cpu,detect,openvino,fp32,success,,1.7409642643213208,574.3943287600044,570.6173800001579,617.0434399998612,625.4491469999266,529.719034999971,628.3359320000272,,percent,551,96.27259528130647,97.5,100.0,100.0,61.8,100.0,celsius,551,60.69782214156103,60.6,61.7,62.25,57.85,62.8,,,,,,,,
yolov10,s,cpu,detect,openvino,fp16,success,,1.9764316706736218,505.96234357000196,500.7941490000576,558.4651929998472,569.5715889999065,467.4620700000105,573.2200530001137,,percent,489,96.77443762781157,97.6,100.0,100.0,66.8,100.0,celsius,489,61.93732106339477,61.7,62.8,62.8,60.05,63.35,,,,,,,,
yolo11,n,cpu,detect,pytorch,fp32,success,,1.7645627205560837,566.7126412400123,561.6475150000042,596.1439669999891,596.9260429999395,541.2813560001268,605.1106370000525,,percent,551,60.09328493647921,60.0,75.0,80.0,42.5,89.3,celsius,551,57.573502722322715,57.3,58.4,58.95,55.65,58.95,,,,,,,,
yolo11,n,cpu,detect,openvino,fp32,success,,5.01594863554381,199.36408298000518,197.05172599992693,222.6493319999463,229.54986600007032,183.4841109998706,230.16566299997976,,percent,194,96.04175257731964,95.3,100.0,100.0,56.3,100.0,celsius,194,60.565979381443334,60.6,61.7,62.25,58.4,62.8,,,,,,,,
yolo11,n,cpu,detect,openvino,fp16,success,,5.3559357171271005,186.70873826999465,181.20568000017556,210.70306299998265,215.0448319998759,173.48184699994817,219.5098429999689,,percent,182,96.71868131868142,97.6,100.0,100.0,69.3,100.0,celsius,182,61.55192307692308,61.7,62.25,62.8,60.05,63.35,,,,,,,,
yolo11,s,cpu,detect,pytorch,fp32,success,,0.6996594395161282,1429.266788269993,1435.3631270000733,1481.3739759999862,1507.570921000024,1337.9974429999493,1519.7195729999748,,percent,1390,53.91654676258993,53.7,70.7,76.7,32.5,85.4,celsius,1390,56.39190647481949,56.2,57.3,57.85,54.0,57.85,,,,,,,,
yolo11,s,cpu,detect,openvino,fp32,success,,1.8631038318999833,536.7387382700005,531.294680999963,597.4708500000361,612.1926970001823,489.7415689999889,617.6776939998945,,percent,514,95.87821011673118,95.5,100.0,100.0,60.6,100.0,celsius,514,61.191731517509986,61.15,62.25,62.8,58.4,62.8,,,,,,,,
yolo11,s,cpu,detect,openvino,fp16,success,,2.0945577779764917,477.42774657000825,469.9875559999782,536.864702999992,548.6074240000107,432.0000699999582,549.0198690001762,,percent,461,96.01518438177845,97.5,100.0,100.0,66.3,100.0,celsius,461,62.902603036876,62.8,63.9,64.45,61.15,65.0,,,,,,,,
yolo26,n,cpu,detect,pytorch,fp32,success,,1.8920680083127626,528.522228380016,526.6961540000921,564.7460659999979,575.2374860001055,466.8523660000119,577.9321049999453,,percent,513,62.037621832358724,61.0,73.8,78.0,47.5,89.0,celsius,513,57.892884990253194,57.85,58.95,59.5,55.1,60.05,,,,,,,,
yolo26,n,cpu,detect,openvino,fp32,success,,5.29027820244661,189.025975900006,186.99041699983354,208.90099199982615,218.13436699994782,172.06195400012803,220.3906879999522,,percent,184,95.5717391304349,95.1,100.0,100.0,56.8,100.0,celsius,184,60.99157608695651,61.15,62.25,62.25,58.95,62.8,,,,,,,,
yolo26,n,cpu,detect,openvino,fp16,success,,5.497680599282751,181.8948885700024,179.318602000194,203.41962599991348,210.7674970000062,166.69297700013885,211.1345349999283,,percent,177,96.01468926553677,97.5,100.0,100.0,68.8,100.0,celsius,177,62.00451977401127,62.25,62.8,63.35,60.05,63.9,,,,,,,,
yolo26,s,cpu,detect,pytorch,fp32,success,,0.6769679952605561,1477.1747069299977,1471.7331879999165,1527.208791000021,1540.1084529999025,1409.8847169998407,1543.1025539999155,,percent,1437,55.09547668754337,54.8,72.1,78.0,32.5,82.9,celsius,1437,56.45260960333947,56.2,57.3,57.85,54.0,58.95,,,,,,,,
yolo26,s,cpu,detect,openvino,fp32,success,,2.407802691229628,415.316422580006,408.0330460001278,467.64630000006946,483.67490600003293,371.76168200016946,486.67079699998794,,percent,403,96.1501240694788,97.5,100.0,100.0,58.6,100.0,celsius,403,63.449627791563536,63.35,65.0,65.0,60.05,65.0,,,,,,,,
yolo26,s,cpu,detect,openvino,fp16,success,,2.096898268753964,476.8948569899999,470.75085799997396,535.1612269998895,548.7221460000455,432.0371779999732,556.9649679998747,,percent,461,96.04685466377421,97.5,100.0,100.0,65.8,100.0,celsius,461,63.7806941431673,63.9,64.45,65.0,61.7,65.55,,,,,,,,
yolov8,n,cpu,segment,pytorch,fp32,success,,1.376385638588958,726.5405653499693,726.1730150003132,739.7229990001506,741.0107590003463,705.5456960006268,744.4457580004382,,percent,709,50.61495063469675,48.8,65.0,74.4,35.0,81.4,celsius,710,53.067323943662224,52.9,54.55,54.55,50.7,55.65,,,,,,,,
yolov8,n,cpu,segment,onnx,fp32,success,,2.787815365701206,358.70381241997165,346.63346799970896,392.2737339999003,399.08293900043645,338.03124300175114,401.09662499889964,,percent,347,99.99308357348703,100.0,100.0,100.0,97.6,100.0,celsius,348,60.4229885057473,60.6,61.7,61.7,57.85,62.25,,,,,,,,
yolov8,n,cpu,segment,openvino,fp32,success,,3.144493477706557,318.0162423899674,315.90381400019396,338.21600299961574,342.48115199989115,304.6004419993551,342.5945229992067,,percent,302,96.51357615894034,97.6,100.0,100.0,85.0,100.0,celsius,303,58.8102310231024,58.95,59.5,60.05,56.75,60.6,,,,,,,,
yolov8,n,cpu,segment,openvino,fp16,success,,3.315140729137834,301.6463196300174,296.43001400108915,323.04085200121335,328.0132239997329,290.59840199988685,331.9160949995421,,percent,290,96.78896551724135,97.6,100.0,100.0,85.4,100.0,celsius,291,59.288316151202764,59.5,60.05,60.05,57.3,60.6,,,,,,,,
yolov8,s,cpu,segment,pytorch,fp32,success,,0.4799936712542632,2083.36080220999,2102.0479389990214,2141.158593,2148.739427999317,2005.1194589996157,2199.2469369997707,,percent,2038,45.46030421982339,43.9,67.4,78.0,24.4,86.0,celsius,2038,56.07990677134407,56.2,57.3,57.85,53.45,58.95,,,,,,,,
yolov8,s,cpu,segment,onnx,fp32,success,,1.1327668053707223,882.7942302500014,889.621468999394,908.2873799998197,911.5616960007173,837.2182750008506,969.1551309988427,,percent,851,99.824794359577,100.0,100.0,100.0,47.2,100.0,celsius,851,65.11762632197434,65.0,66.65,66.65,62.25,67.2,,,,,,,,
yolov8,s,cpu,segment,openvino,fp32,success,,1.1989164386442883,834.0864865701406,838.8084420002997,851.1032960013836,857.4537040003634,800.3594540004997,858.3083339999575,,percent,787,96.20508259212178,97.6,100.0,100.0,80.5,100.0,celsius,787,61.520393900889445,61.7,62.25,62.8,59.5,62.8,,,,,,,,
yolov8,s,cpu,segment,openvino,fp16,success,,1.4780526319659666,676.5658937800436,675.1796540011128,703.2898439993005,707.194807999258,648.0636680007592,707.8576230014733,,percent,644,96.30652173913013,97.6,100.0,100.0,78.7,100.0,celsius,645,62.53821705426365,62.8,63.35,63.35,60.6,63.9,,,,,,,,
yolo11,n,cpu,segment,pytorch,fp32,success,,1.3191598836546976,758.0582250799853,758.873353999661,776.6476899996633,781.7105989997799,724.0297190001002,781.7814509999153,,percent,739,55.012178619756455,53.8,69.0,75.6,37.5,82.0,celsius,739,57.820974289580334,57.85,58.95,58.95,56.2,59.5,,,,,,,,
yolo11,n,cpu,segment,onnx,fp32,success,,2.7189489006253895,367.78918491994773,370.380231001036,392.058752999219,405.466329999399,347.5202640001953,420.8197770003608,,percent,355,99.81521126760563,100.0,100.0,100.0,51.4,100.0,celsius,355,63.602535211267806,63.9,64.45,65.0,61.7,65.55,,,,,,,,
yolo11,n,cpu,segment,openvino,fp32,success,,3.9771204221123777,251.43819997003447,245.53687600018748,269.112583999231,280.6662900002266,240.4840970011719,282.4015300011524,,percent,243,95.80452674897117,97.5,100.0,100.0,84.8,100.0,celsius,243,62.754732510287994,62.8,63.9,64.45,60.05,64.45,,,,,,,,
yolo11,n,cpu,segment,openvino,fp16,success,,4.041141131157461,247.45485682000435,240.42854199979047,266.49199100029364,279.171567000958,236.36524499852385,305.079145999116,,percent,238,96.33571428571422,97.5,100.0,100.0,85.4,100.0,celsius,239,63.12907949790798,63.35,63.9,64.45,61.15,64.45,,,,,,,,
yolo11,s,cpu,segment,pytorch,fp32,success,,0.5215124219151103,1917.4998676498947,1924.3451670008653,1963.3634519996122,1973.988546000328,1857.0908039982896,1977.1156030001293,,percent,1874,47.52235859124875,47.5,65.9,73.8,24.4,82.5,celsius,1874,56.52342582710655,56.2,57.85,58.4,54.0,60.05,,,,,,,,
yolo11,s,cpu,segment,onnx,fp32,success,,1.1141354438680877,897.5569402299698,905.3887560003204,921.0434929991607,931.439402000251,852.3250189991813,938.2190149990493,,percent,864,99.85185185185185,100.0,100.0,100.0,49.2,100.0,celsius,864,63.18894675925896,63.35,64.45,65.0,60.6,65.55,,,,,,,,
yolo11,s,cpu,segment,openvino,fp32,success,,1.6663225225482292,600.1239174699185,598.9453919992229,625.3009500014741,631.3814410004852,573.7735769998835,633.7305920005747,,percent,573,96.0363001745198,97.4,100.0,100.0,80.5,100.0,celsius,573,63.543891797556824,63.35,64.45,65.0,61.15,65.55,,,,,,,,
yolo11,s,cpu,segment,openvino,fp16,success,,1.8314619018085698,546.0119039399615,545.0183680004557,559.0552400008164,563.8001180013816,528.8134909988003,567.7491049991659,,percent,526,96.39752851710999,97.6,100.0,100.0,81.0,100.0,celsius,526,64.81074144486695,65.0,65.55,66.1,62.8,66.65,,,,,,,,
yolo26,n,cpu,segment,pytorch,fp32,success,,1.408667867737442,709.8905447500329,708.9095930004987,725.195506000091,727.3168060000899,686.6984120006236,728.0625469993538,,percent,694,54.829250720461076,55.0,67.5,76.7,35.0,88.1,celsius,694,58.297766570605354,58.4,59.5,60.05,55.65,60.6,,,,,,,,
yolo26,n,cpu,segment,onnx,fp32,success,,2.9347165635127355,340.7484090398975,328.6362859998917,378.2033789993875,381.0524559994519,319.37025300067035,392.4018059988157,,percent,331,99.85679758308159,100.0,100.0,100.0,54.9,100.0,celsius,331,62.542447129909185,62.8,63.35,63.9,60.05,65.0,,,,,,,,
yolo26,n,cpu,segment,openvino,fp32,success,,4.220924437132202,236.91492584013758,231.3150299996778,253.8452110002254,264.60354200025904,227.20383799969568,287.0069090004108,,percent,229,95.81048034934501,95.3,100.0,100.0,85.4,100.0,celsius,230,62.357608695652125,62.25,63.35,63.9,60.05,64.45,,,,,,,,
yolo26,n,cpu,segment,openvino,fp16,success,,4.05412565177522,246.66231042003346,242.10278700047638,263.165909998861,276.706374999776,235.7135919992288,282.4644760003139,,percent,239,95.80585774058578,95.2,100.0,100.0,82.5,100.0,celsius,239,62.91276150627614,62.8,63.9,64.45,61.7,64.45,,,,,,,,
yolo26,s,cpu,segment,pytorch,fp32,success,,0.4883294711260979,2047.7977659099279,2049.5340159995976,2075.55901699925,2101.6677410007105,2005.7404139988648,2110.1069579999603,,percent,2000,48.01810000000003,48.8,64.3,73.2,24.4,87.8,celsius,2000,56.34464999999866,56.2,57.85,58.4,54.0,58.95,,,,,,,,
yolo26,s,cpu,segment,onnx,fp32,success,,1.0314332882858241,969.5246521100125,976.0363799996412,990.0767339986487,996.8920770006662,921.4248170010251,1007.1722230004525,,percent,928,99.83987068965519,100.0,100.0,100.0,49.7,100.0,celsius,928,63.38852370689618,63.35,64.45,65.0,60.6,65.55,,,,,,,,
yolo26,s,cpu,segment,openvino,fp32,success,,1.288790433900246,775.9213396500127,778.7379000001238,799.4163200000912,805.7903669996449,746.0004820004542,808.7074630002462,,percent,735,95.94721088435354,97.5,100.0,100.0,78.6,100.0,celsius,735,62.673537414965864,62.8,63.35,63.9,60.6,64.45,,,,,,,,
yolo26,s,cpu,segment,openvino,fp16,success,,1.6885946956663787,592.2084219300268,593.706106999889,616.8142520000401,620.6316280004103,564.1772290000517,621.698684999501,,percent,571,96.23047285464071,97.6,100.0,100.0,82.5,100.0,celsius,572,64.66153846153857,64.45,65.55,66.1,62.8,66.65,,,,,,,,
yolov8,n,cpu,obb,pytorch,fp32,success,,2.1086798258467514,474.2303633499432,473.7144470000203,487.5688779993652,489.8145110000769,460.5016660007095,491.45579200012435,,percent,466,50.755364806866936,50.0,61.9,73.2,37.5,82.5,celsius,466,55.70429184549381,55.65,56.75,57.3,53.45,57.85,,,,,,,,,
yolov8,s,cpu,obb,pytorch,fp32,success,,0.6758096764831601,1479.7065428300627,1480.5308079994575,1502.4860540015652,1504.099130999748,1444.7293299999728,1511.1682000006113,,percent,1448,45.541367403314915,43.9,61.0,71.4,28.2,75.6,celsius,1449,56.91321601104263,56.75,57.85,57.85,55.1,58.95,,,,,,,,,
yolo11,n,cpu,obb,pytorch,fp32,success,,1.940994577913921,515.199790550032,515.5846329998894,530.2558470011718,532.7133330010838,496.3580029998411,536.817729998802,,percent,503,56.11451292246516,56.1,66.7,70.7,42.5,74.4,celsius,504,57.15595238095203,57.3,57.85,58.4,55.65,59.5,,,,,,,,,
yolo11,s,cpu,obb,pytorch,fp32,success,,0.7431144730468929,1345.6876918300807,1346.480841999437,1359.9232390006364,1368.0620140003157,1324.1434840001602,1372.7941540000757,,percent,1314,49.648325722983294,48.8,64.3,70.7,30.8,78.6,celsius,1315,57.986349809885745,57.85,58.95,59.5,56.2,60.05,,,,,,,,,
yolo26,n,cpu,obb,pytorch,fp32,success,,2.1486010762778487,465.41910968990123,464.90905300015584,480.92343600001186,484.4337019985687,449.49396700030775,489.7383980005543,,percent,455,57.613626373626325,57.1,69.0,72.5,46.3,75.6,celsius,455,57.60461538461515,57.85,58.4,58.95,56.2,59.5,,,,,,,,,
yolo26,s,cpu,obb,pytorch,fp32,success,,0.7440066600859689,1344.0739897199999,1344.4823200006795,1362.3991519998526,1364.9665640004969,1317.2705079996376,1373.6918029990193,,percent,1314,50.06423135464233,50.0,63.4,71.4,30.0,76.2,celsius,1314,57.24600456621062,57.3,58.4,58.4,55.1,58.95,,,,,,,,,

